X_1,X_2,X_3,X_4,X_5,X_6,X_7,X_8,X_9,X_10,Target,Gait category
0.29 0.32 0.0 0.31 0.28 1.76 -9.76 -5.68 2.44 -1.83 -16.8 -3.36 -60.96,0.29 0.34 0.0 0.41 0.46 1.75 -9.66 -6.53 2.01 -2.75 -16.92 -3.39 -60.9,0.29 0.34 0.2 0.41 0.41 1.77 -9.64 -5.86 0.06 -3.6 -17.08 -3.4 -60.81,0.29 0.37 0.2 0.31 0.28 2.28 -9.19 -5.37 1.59 -5.43 -17.19 -3.4 -60.71,0.32 0.37 0.2 0.31 0.27 1.92 -9.32 -1.34 3.3 -6.53 -17.24 -3.43 -60.58,0.32 0.37 0.2 0.31 0.17 2.05 -9.17 -0.73 3.48 -6.65 -17.27 -3.5 -60.36,0.32 0.39 0.31 0.31 0.2 2.03 -9.05 -0.61 3.42 -6.96 -17.28 -3.54 -60.22,0.34 0.39 0.41 0.31 0.4 1.93 -9.26 -0.55 2.26 -6.9 -17.28 -3.57 -60.0,0.37 0.39 0.73 0.41 0.05 1.98 -9.14 -3.11 3.23 -7.14 -17.32 -3.59 -59.85,0.39 0.42 1.04 0.52 -0.12 2.28 -8.69 -4.27 5.74 -8.12 -17.4 -3.65 -59.67,0.44 0.44 1.46 0.62 -0.11 2.33 -8.44 -7.08 9.4 -10.13 -17.6 -3.81 -59.34,4
0.44 0.44 1.46 0.62 -0.11 2.33 -8.44 -7.08 9.4 -10.13 -17.6 -3.81 -59.34,0.49 0.47 1.88 0.83 0.14 2.51 -7.78 -6.35 10.19 -9.77 -17.75 -3.95 -59.1,0.54 0.49 2.19 1.15 0.14 2.35 -6.58 -2.32 10.19 -8.42 -17.85 -4.09 -58.88,0.59 0.54 2.3 1.46 -0.59 1.94 -6.18 4.88 12.02 -7.32 -17.85 -4.32 -58.58,0.66 0.59 2.3 1.67 -1.21 0.96 -6.09 7.57 14.65 -4.15 -17.75 -4.53 -58.41,0.71 0.64 2.09 1.78 -0.51 0.61 -5.57 14.22 10.31 0.12 -17.55 -4.72 -58.33,0.74 0.69 1.67 1.88 0.35 -1.19 -5.22 23.44 -6.1 10.74 -16.94 -4.7 -58.52,0.76 0.74 1.04 1.88 0.25 -1.39 -5.47 31.13 -9.83 13.67 -16.31 -4.53 -58.82,0.76 0.76 0.52 1.57 1.12 -0.37 -6.84 37.54 -6.35 8.36 -15.09 -4.31 -59.2,0.79 0.76 0.2 0.83 1.95 0.9 -7.01 42.97 -3.66 2.56 -14.19 -4.24 -59.29,0.79 0.79 0.31 0.31 1.66 0.17 -7.01 50.42 -4.03 -2.69 -13.17 -4.2 -59.28,4
0.79 0.79 0.31 0.31 1.66 0.17 -7.01 50.42 -4.03 -2.69 -13.17 -4.2 -59.28,0.79 0.79 0.2 0.1 -0.51 -1.65 -8.31 44.19 -1.34 -8.36 -11.62 -4.16 -59.1,0.79 0.79 0.1 0.1 -1.13 -1.22 -8.64 44.98 3.3 -7.87 -10.65 -4.18 -58.94,0.79 0.79 0.0 0.0 -0.09 -1.69 -9.81 41.63 9.83 -5.86 -9.67 -4.31 -58.79,0.79 0.79 0.0 0.0 1.85 -0.77 -9.8 38.09 7.08 -6.16 -8.37 -4.56 -58.61,0.79 0.79 0.0 0.0 1.87 -1.34 -11.07 37.6 1.77 -11.84 -7.52 -4.65 -58.42,0.79 0.79 0.0 0.0 1.56 -1.28 -11.28 28.99 -2.81 -14.77 -6.81 -4.65 -58.13,0.79 0.76 0.0 -0.11 -0.33 -0.47 -9.96 30.21 -1.4 -13.18 -5.83 -4.61 -57.71,0.79 0.76 0.0 -0.32 -0.46 -1.12 -10.29 32.29 1.59 -14.1 -5.15 -4.63 -57.44,0.79 0.74 0.0 -0.53 0.64 -2.13 -11.45 27.04 0.55 -15.69 -4.17 -4.69 -56.99,0.79 0.74 0.0 -0.32 0.36 -2.15 -11.85 13.37 -4.33 -18.74 -3.74 -4.65 -56.65,4
0.79 0.74 0.0 -0.32 0.36 -2.15 -11.85 13.37 -4.33 -18.74 -3.74 -4.65 -56.65,0.79 0.74 0.0 -0.11 0.44 -0.6 -10.24 -1.89 -7.2 -24.6 -3.63 -4.53 -56.2,0.79 0.74 0.0 0.0 0.61 0.76 -9.85 -10.99 -6.77 -31.8 -3.82 -4.33 -55.32,0.79 0.74 0.0 0.0 -0.18 1.14 -9.79 -25.51 -4.52 -31.49 -4.21 -4.24 -54.67,0.79 0.74 0.1 0.0 -1.87 2.1 -8.84 -35.34 -4.15 -24.96 -4.88 -4.16 -54.11,0.81 0.74 0.41 0.0 -1.99 -1.67 -9.88 -44.92 -11.47 -10.93 -6.05 -3.86 -53.62,0.84 0.74 0.62 0.0 -0.14 -0.7 -9.28 -65.37 -19.1 -8.3 -7.19 -3.48 -53.45,0.86 0.76 0.94 0.73 -2.6 4.95 -14.96 -79.28 -18.07 1.28 -8.61 -3.03 -53.4,0.91 0.86 1.98 2.82 -8.42 17.22 -30.42 -102.72 8.24 29.79 -11.53 -2.89 -53.95,1.01 0.99 3.14 4.39 -1.42 7.54 -29.21 -121.34 -0.79 61.16 -13.9 -3.01 -54.83,1.09 1.04 2.93 3.56 3.08 -4.47 -20.18 -141.24 -22.89 69.82 -17.79 -2.76 -57.02,4
1.09 1.04 2.93 3.56 3.08 -4.47 -20.18 -141.24 -22.89 69.82 -17.79 -2.76 -57.02,1.11 1.06 1.78 1.67 0.88 -6.9 -17.41 -141.91 -26.0 62.62 -20.56 -2.55 -58.44,1.11 1.06 0.73 0.62 0.12 -9.77 -14.4 -156.25 -20.51 41.2 -23.38 -2.37 -59.54,1.11 1.09 0.2 0.62 0.77 -5.0 -6.27 -177.92 -3.11 14.16 -28.08 -2.27 -60.36,1.14 1.09 0.1 0.94 1.12 -2.78 -2.72 -176.51 13.0 1.4 -31.23 -2.43 -60.41,1.14 1.11 0.1 0.83 1.0 1.27 -0.34 -170.41 19.47 -1.71 -34.28 -2.73 -60.23,1.16 1.14 0.52 0.52 0.34 1.8 -0.74 -138.0 15.87 -2.44 -38.11 -3.19 -59.88,1.19 1.14 0.73 0.62 -0.51 1.4 -3.37 -136.84 9.16 1.1 -40.41 -3.37 -59.74,1.19 1.16 0.62 0.83 -0.25 1.97 -8.26 -135.13 -0.92 4.21 -42.69 -3.45 -59.76,1.21 1.16 0.52 0.94 3.3 0.61 -16.0 -155.76 -15.81 13.79 -46.36 -3.42 -60.23,1.21 1.19 0.41 0.94 3.7 -0.15 -15.94 -181.21 -19.78 3.17 -49.3 -3.31 -60.58,4
1.21 1.19 0.41 0.94 3.7 -0.15 -15.94 -181.21 -19.78 3.17 -49.3 -3.31 -60.58,1.21 1.21 0.31 0.73 5.09 5.52 -7.13 -201.05 -20.39 -23.56 -54.44 -2.73 -60.73,1.21 1.21 0.1 0.31 7.69 9.81 0.46 -176.27 -11.17 -35.4 -57.69 -2.21 -60.49,1.21 1.21 0.1 0.31 7.69 9.81 0.46 -176.27 -11.17 -35.4 -57.69 -2.21 -60.49,1.21 1.21 0.1 0.31 7.69 9.81 0.46 -176.27 -11.17 -35.4 -57.69 -2.21 -60.49,1.21 1.21 0.1 0.31 7.69 9.81 0.46 -176.27 -11.17 -35.4 -57.69 -2.21 -60.49,1.21 1.21 0.1 0.31 7.69 9.81 0.46 -176.27 -11.17 -35.4 -57.69 -2.21 -60.49,1.21 1.21 0.1 0.31 7.69 9.81 0.46 -176.27 -11.17 -35.4 -57.69 -2.21 -60.49,0.19 0.22 0.0 0.31 0.27 1.08 -9.09 -8.06 -1.1 3.85 -13.39 -3.63 -58.6,0.19 0.22 0.0 0.41 0.21 1.24 -8.85 -5.8 -1.77 3.42 -13.47 -3.61 -58.68,0.19 0.24 0.0 0.62 0.37 1.43 -8.42 -2.5 -2.69 3.05 -13.54 -3.55 -58.78,4
0.19 0.24 0.0 0.62 0.37 1.43 -8.42 -2.5 -2.69 3.05 -13.54 -3.55 -58.78,0.19 0.27 0.41 0.83 0.38 1.05 -8.19 2.01 -3.97 2.87 -13.5 -3.5 -58.85,0.24 0.29 0.94 1.04 0.23 0.86 -7.83 1.46 -3.3 2.5 -13.4 -3.42 -58.94,0.29 0.34 1.36 1.25 0.21 0.76 -7.07 -0.79 -2.2 1.16 -13.39 -3.38 -58.99,0.32 0.37 1.67 1.46 0.09 0.49 -6.95 -0.61 0.43 -0.61 -13.38 -3.38 -58.99,0.37 0.42 1.98 1.67 -0.39 0.7 -6.44 0.92 5.74 -0.43 -13.35 -3.48 -58.95,0.44 0.47 2.19 1.78 -0.36 1.31 -5.96 6.41 6.65 2.14 -13.26 -3.61 -58.95,0.49 0.52 2.3 1.88 -0.11 0.05 -6.61 10.74 7.26 5.49 -13.05 -3.74 -59.02,0.54 0.57 2.19 1.78 -0.17 -1.56 -6.14 8.91 8.85 7.81 -12.71 -3.98 -59.21,0.59 0.62 1.88 1.57 0.38 -1.61 -6.11 9.46 7.51 8.79 -12.45 -4.14 -59.36,0.64 0.64 1.46 1.15 0.67 -1.69 -7.35 12.7 1.65 10.01 -12.11 -4.22 -59.54,4
0.64 0.64 1.46 1.15 0.67 -1.69 -7.35 12.7 1.65 10.01 -12.11 -4.22 -59.54,0.64 0.64 0.94 0.73 0.12 -1.18 -8.82 15.2 -6.84 13.0 -11.49 -4.13 -59.92,0.64 0.66 0.41 0.52 0.04 -0.79 -9.01 16.3 -6.84 14.16 -11.03 -4.0 -60.21,0.66 0.66 0.2 0.52 0.51 -0.34 -8.39 21.24 -5.92 12.63 -10.26 -3.85 -60.64,0.66 0.69 0.1 0.52 0.68 -0.34 -7.67 25.57 -4.82 11.35 -9.67 -3.76 -60.88,0.66 0.69 0.1 0.41 0.8 -1.36 -7.78 27.4 -3.17 10.31 -9.02 -3.71 -61.11,0.66 0.69 0.2 0.2 0.73 -2.52 -8.15 17.64 -0.49 3.78 -8.15 -3.7 -61.31,0.66 0.69 0.2 0.0 0.52 -1.79 -7.83 12.33 0.37 -0.43 -7.74 -3.74 -61.33,0.69 0.69 0.1 0.0 0.32 -0.72 -8.16 8.61 -0.43 -3.05 -7.41 -3.76 -61.28,0.69 0.69 0.0 0.0 0.13 -0.86 -9.4 -4.15 -2.99 -4.52 -7.16 -3.73 -61.16,0.69 0.69 0.0 0.0 -0.1 0.2 -8.06 -17.03 -5.31 -5.49 -7.31 -3.65 -61.06,4
0.69 0.69 0.0 0.0 -0.1 0.2 -8.06 -17.03 -5.31 -5.49 -7.31 -3.65 -61.06,0.69 0.69 0.0 0.0 -0.06 1.6 -6.5 -20.45 -7.51 -4.21 -7.62 -3.52 -60.96,0.69 0.69 0.0 0.0 -0.4 0.99 -5.8 -18.92 -10.13 6.04 -8.14 -3.24 -61.0,0.69 0.69 0.31 0.0 -1.46 5.71 -11.26 -26.98 -11.11 13.18 -8.57 -3.03 -61.23,0.76 0.74 1.98 1.36 2.83 29.61 -44.36 -91.86 -26.43 5.07 -10.7 -2.5 -61.48,0.91 0.94 4.92 5.13 -2.68 12.35 -32.07 -85.39 -19.9 18.07 -12.61 -2.0 -61.84,1.04 1.04 5.86 6.17 -1.43 4.36 -12.59 -93.14 -23.8 42.85 -14.68 -1.68 -62.62,1.11 1.09 3.76 2.82 -3.74 -8.61 -13.87 -84.35 -17.21 54.44 -17.25 -1.41 -64.14,1.11 1.06 0.83 0.41 -1.95 -12.13 -15.73 -46.75 -7.81 57.86 -18.45 -1.36 -65.32,1.09 1.06 0.0 -0.42 2.6 -9.55 -17.01 -93.75 -8.12 43.7 -19.79 -1.42 -66.31,1.11 1.06 0.1 0.0 1.76 0.25 -8.62 -168.27 -15.08 34.06 -23.87 -1.35 -67.59,4
1.11 1.06 0.1 0.0 1.76 0.25 -8.62 -168.27 -15.08 34.06 -23.87 -1.35 -67.59,1.11 1.09 0.41 1.36 0.09 4.07 -4.23 -144.96 -16.6 18.25 -26.76 -1.2 -68.18,1.14 1.14 0.73 1.88 -0.04 1.98 -4.77 -143.74 -7.14 -2.14 -29.31 -1.06 -68.36,1.16 1.16 0.94 1.67 1.76 3.86 -2.05 -117.43 8.18 -27.22 -32.84 -0.88 -67.84,1.21 1.19 1.04 1.15 0.62 -0.44 -5.31 -114.87 17.46 -27.04 -34.85 -0.91 -67.2,1.21 1.21 0.83 0.94 -2.3 -0.62 -13.99 -136.11 0.49 -7.14 -38.14 -0.97 -66.58,1.24 1.24 0.62 0.94 -0.56 1.8 -16.39 -157.47 -20.63 12.63 -40.78 -0.81 -66.82,1.24 1.26 0.73 1.04 2.17 2.4 -14.59 -181.46 -30.82 19.96 -43.85 -0.6 -67.45,1.28 1.31 0.94 1.15 1.17 0.65 -9.81 -201.42 -22.34 10.56 -49.08 -0.31 -68.37,1.31 1.33 1.04 1.25 2.86 0.94 -5.85 -213.75 -0.92 -6.59 -52.79 -0.24 -68.48,1.31 1.36 0.83 1.04 6.32 4.76 -0.59 -206.12 12.51 -28.38 -56.51 -0.14 -68.03,4
1.31 1.36 0.83 1.04 6.32 4.76 -0.59 -206.12 12.51 -28.38 -56.51 -0.14 -68.03,1.33 1.36 0.41 0.62 5.75 9.84 4.39 -148.74 0.43 -50.54 -61.16 0.42 -66.98,1.31 1.36 0.1 0.2 0.59 8.71 3.29 -109.25 -7.26 -53.59 -63.37 1.04 -66.43,1.31 1.36 0.0 -0.11 -1.85 4.18 -3.07 -102.17 -2.14 -48.77 -65.26 1.68 -65.95,1.31 1.33 0.0 -0.42 -5.31 5.77 -4.71 -120.24 11.9 -22.28 -68.49 2.2 -65.28,1.31 1.31 0.0 -0.42 -6.52 6.98 -1.54 -126.77 25.63 -6.16 -70.79 2.24 -64.78,1.31 1.31 0.0 -0.42 -6.76 14.13 5.22 -99.98 34.24 40.16 -74.2 1.41 -64.06,1.31 1.28 -0.11 -0.74 -1.73 13.03 6.2 -73.61 16.36 79.53 -75.99 0.23 -64.0,1.28 1.26 -0.84 -0.95 1.1 12.12 5.87 -45.53 -6.35 87.95 -77.35 -1.29 -64.46,0.17 0.22 0.0 0.0 0.34 1.13 -9.24 -13.12 0.49 2.93 -14.96 -3.65 -51.77,0.17 0.22 0.0 0.0 0.4 1.17 -9.17 -9.22 0.18 2.69 -15.18 -3.68 -51.86,4
0.17 0.22 0.0 0.0 0.4 1.17 -9.17 -9.22 0.18 2.69 -15.18 -3.68 -51.86,0.17 0.22 0.1 0.1 0.47 1.2 -9.03 -7.63 -0.06 2.08 -15.29 -3.7 -51.9,0.19 0.24 0.2 0.41 0.57 1.43 -8.8 -6.16 -0.55 0.49 -15.42 -3.71 -51.93,0.19 0.24 0.41 0.62 0.61 1.7 -8.6 -6.23 -0.92 -2.38 -15.5 -3.7 -51.91,0.22 0.27 0.73 0.94 0.79 2.04 -8.07 -4.33 -2.08 -4.39 -15.57 -3.66 -51.85,0.24 0.32 1.15 1.36 0.59 2.29 -6.74 -1.22 -4.7 -7.87 -15.63 -3.55 -51.69,0.32 0.37 1.67 1.78 0.43 1.77 -6.07 -1.16 -5.25 -8.67 -15.64 -3.44 -51.54,0.37 0.42 2.19 2.09 0.24 1.39 -5.6 -2.5 -3.91 -9.7 -15.68 -3.35 -51.37,0.44 0.47 2.72 2.3 -0.12 1.76 -4.73 2.32 0.43 -12.82 -15.73 -3.27 -51.04,0.54 0.57 3.24 2.51 -0.26 0.43 -4.39 8.24 4.03 -15.69 -15.63 -3.28 -50.74,0.62 0.62 3.56 2.61 -0.36 -1.51 -3.09 8.79 7.51 -15.99 -15.47 -3.35 -50.41,4
0.62 0.62 3.56 2.61 -0.36 -1.51 -3.09 8.79 7.51 -15.99 -15.47 -3.35 -50.41,0.71 0.69 3.45 2.3 -0.48 -3.7 -2.11 17.64 15.63 -13.49 -15.0 -3.63 -49.89,0.76 0.69 2.82 1.46 -0.44 -3.77 -4.37 26.92 15.01 -5.55 -14.36 -3.89 -49.67,0.79 0.69 1.78 0.52 0.23 -3.79 -9.26 26.67 1.4 5.68 -13.14 -4.09 -49.66,0.79 0.69 0.41 0.2 -0.41 -1.7 -9.62 20.51 -5.62 11.78 -12.4 -4.0 -49.89,0.76 0.71 -0.21 0.0 -1.06 0.07 -8.05 28.69 -5.86 14.47 -11.65 -3.87 -50.18,0.76 0.71 -0.42 0.1 0.05 0.43 -7.61 50.17 3.66 10.86 -10.11 -3.8 -50.57,0.74 0.71 -0.21 0.1 0.64 -0.6 -8.45 50.72 13.31 7.63 -8.94 -3.96 -50.74,0.74 0.71 -0.11 0.0 0.93 -0.86 -8.94 43.76 20.14 2.32 -7.89 -4.28 -50.81,0.74 0.71 0.0 0.0 1.34 -1.2 -11.6 20.75 20.51 -10.25 -6.78 -4.9 -50.66,0.74 0.71 0.0 0.0 1.98 -0.58 -13.35 -3.48 14.4 -17.52 -6.58 -5.23 -50.35,4
0.74 0.71 0.0 0.0 1.98 -0.58 -13.35 -3.48 14.4 -17.52 -6.58 -5.23 -50.35,0.76 0.71 0.0 0.0 1.25 1.04 -10.82 -31.68 4.21 -16.85 -6.96 -5.39 -49.99,0.76 0.71 0.0 0.0 0.57 7.45 -11.79 -59.14 -8.61 -18.49 -8.36 -5.27 -49.5,0.79 0.74 0.94 0.83 2.58 24.58 -30.35 -88.62 -8.97 -26.31 -10.09 -5.08 -49.08,0.94 0.89 3.97 3.97 -0.66 13.22 -33.84 -98.33 12.76 -33.81 -13.47 -5.04 -48.04,1.06 1.01 5.44 5.23 1.63 5.37 -21.45 -129.33 8.97 -18.68 -16.08 -5.21 -47.5,1.14 1.04 3.76 2.61 1.6 -1.87 -23.4 -136.72 -6.47 -4.7 -18.81 -5.21 -47.24,1.16 1.04 1.46 0.94 -4.29 -13.04 -20.87 -142.7 -3.17 -0.43 -22.96 -4.88 -47.43,1.16 1.04 0.62 0.41 -3.38 -12.89 -13.8 -198.49 14.59 -14.83 -26.3 -4.94 -47.19,1.16 1.06 0.41 0.52 -0.2 -5.67 -6.54 -231.57 25.21 -21.73 -30.47 -5.16 -46.69,1.19 1.09 0.62 0.83 -0.24 -4.4 -1.63 -214.6 24.48 -41.02 -36.5 -5.32 -45.51,4
1.19 1.09 0.62 0.83 -0.24 -4.4 -1.63 -214.6 24.48 -41.02 -36.5 -5.32 -45.51,1.21 1.09 0.52 0.83 -2.04 -3.16 0.36 -219.79 22.34 -42.42 -40.39 -5.19 -44.56,1.21 1.11 0.41 0.52 -1.84 -1.29 2.09 -208.92 20.69 -30.76 -44.12 -5.04 -43.78,1.21 1.11 0.2 0.31 -1.3 0.04 -2.11 -188.54 12.27 -14.04 -49.05 -4.91 -43.12,1.24 1.11 0.1 0.31 1.24 0.18 -7.75 -190.31 -0.67 -17.7 -52.15 -4.66 -42.91,1.24 1.14 0.1 0.52 2.34 0.49 -11.48 -209.41 -9.03 -25.09 -57.17 -3.96 -42.71,1.24 1.14 0.52 0.83 -0.58 1.4 -11.33 -226.07 -4.03 -34.24 -60.89 -3.39 -42.45,1.26 1.16 0.73 0.94 -2.38 2.0 -8.54 -240.3 6.16 -41.08 -64.92 -2.75 -42.02,1.28 1.19 0.94 0.94 3.59 -0.44 -0.09 -245.85 11.84 -39.43 -71.14 -1.78 -41.15,1.31 1.21 1.04 0.94 -2.02 19.94 14.8 -255.86 19.9 -56.09 -75.58 -1.09 -40.57,1.31 1.19 0.52 0.0 -6.49 94.77 83.23 -86.55 25.82 -36.93 -78.93 -0.23 -39.69,4
1.31 1.19 0.52 0.0 -6.49 94.77 83.23 -86.55 25.82 -36.93 -78.93 -0.23 -39.69,1.26 1.14 -0.84 -2.1 -3.64 15.12 15.17 65.61 50.78 -27.4 -78.8 0.56 -38.04,0.19 0.24 0.1 0.0 0.32 1.65 -9.85 -13.24 0.61 -3.97 -14.38 -4.03 -50.47,0.22 0.24 0.1 0.0 0.43 2.0 -9.83 -15.32 0.61 -3.42 -14.64 -4.03 -50.39,0.22 0.24 0.0 0.0 0.56 2.41 -9.23 -15.75 1.71 -4.58 -15.12 -4.05 -50.27,0.22 0.24 0.2 0.1 0.6 1.94 -9.69 -16.78 1.22 -4.82 -15.44 -4.08 -50.17,0.24 0.27 0.41 0.41 0.46 1.53 -10.37 -24.48 0.85 -5.49 -15.86 -4.08 -50.06,0.24 0.27 0.62 0.52 0.05 2.07 -9.69 -34.55 1.4 -6.23 -16.78 -4.09 -49.89,0.27 0.29 0.73 0.62 0.12 2.44 -9.31 -35.16 2.2 -5.8 -17.47 -4.11 -49.76,0.29 0.32 0.73 0.73 0.3 2.63 -9.38 -36.68 2.5 -5.55 -18.53 -4.14 -49.58,0.32 0.34 0.83 0.83 0.55 2.33 -9.84 -39.31 2.14 -5.25 -19.28 -4.15 -49.46,4
0.32 0.34 0.83 0.83 0.55 2.33 -9.84 -39.31 2.14 -5.25 -19.28 -4.15 -49.46,0.34 0.37 0.94 0.94 0.6 2.15 -10.06 -44.43 2.08 -5.8 -20.1 -4.17 -49.34,0.37 0.39 1.04 1.15 0.48 2.83 -9.38 -50.35 2.32 -6.96 -21.5 -4.19 -49.14,0.39 0.42 1.15 1.15 0.77 3.39 -9.11 -51.27 2.56 -8.18 -22.48 -4.2 -48.97,0.44 0.47 1.25 1.15 0.87 3.62 -9.24 -51.45 2.81 -10.86 -23.49 -4.2 -48.77,0.47 0.49 1.36 1.36 0.85 3.19 -9.2 -54.26 3.11 -15.93 -25.04 -4.16 -48.34,0.49 0.54 1.46 1.46 0.58 3.09 -8.83 -56.7 3.42 -17.7 -26.13 -4.12 -48.0,0.54 0.59 1.57 1.57 0.26 3.41 -8.28 -59.75 6.53 -18.43 -27.86 -4.09 -47.43,0.59 0.62 1.57 1.57 0.06 3.55 -8.12 -58.04 7.08 -17.76 -28.99 -4.09 -47.05,0.59 0.62 1.57 1.57 0.06 3.55 -8.12 -58.04 7.08 -17.76 -28.99 -4.09 -47.05,0.66 0.69 1.46 1.46 0.36 3.41 -9.12 -53.28 5.43 -16.36 -31.59 -4.01 -46.16,4
0.66 0.69 1.46 1.46 0.36 3.41 -9.12 -53.28 5.43 -16.36 -31.59 -4.01 -46.16,0.66 0.69 1.46 1.46 0.36 3.41 -9.12 -53.28 5.43 -16.36 -31.59 -4.01 -46.16,0.74 0.79 1.57 1.67 0.48 3.81 -8.21 -55.3 4.33 -18.07 -33.63 -3.89 -45.45,0.74 0.79 1.57 1.67 0.48 3.81 -8.21 -55.3 4.33 -18.07 -33.63 -3.89 -45.45,0.81 0.89 1.78 1.78 -0.42 4.2 -7.61 -52.49 6.59 -16.11 -36.19 -3.65 -44.6,0.86 0.91 1.67 1.67 -0.61 4.6 -7.64 -48.52 10.74 -14.1 -37.11 -3.65 -44.25,0.86 0.91 1.67 1.67 -0.61 4.6 -7.64 -48.52 10.74 -14.1 -37.11 -3.65 -44.25,0.94 0.99 1.67 1.36 0.3 4.76 -8.21 -37.35 9.03 -5.74 -39.0 -3.81 -43.59,0.99 1.01 1.57 1.25 0.69 4.89 -7.76 -34.85 5.8 -6.23 -39.64 -3.84 -43.41,1.01 1.01 1.36 1.25 0.89 4.75 -6.79 -24.96 0.92 -10.07 -40.42 -3.76 -43.17,1.01 1.01 1.36 1.25 0.89 4.75 -6.79 -24.96 0.92 -10.07 -40.42 -3.76 -43.17,4
1.01 1.01 1.36 1.25 0.89 4.75 -6.79 -24.96 0.92 -10.07 -40.42 -3.76 -43.17,1.01 1.01 1.36 1.25 0.89 4.75 -6.79 -24.96 0.92 -10.07 -40.42 -3.76 -43.17,1.01 1.01 1.36 1.25 0.89 4.75 -6.79 -24.96 0.92 -10.07 -40.42 -3.76 -43.17,1.09 1.09 0.62 0.73 0.49 5.79 -8.33 -6.23 10.01 -14.65 -41.52 -3.52 -42.0,1.09 1.09 0.62 0.73 0.49 5.79 -8.33 -6.23 10.01 -14.65 -41.52 -3.52 -42.0,1.09 1.09 0.62 0.73 0.49 5.79 -8.33 -6.23 10.01 -14.65 -41.52 -3.52 -42.0,1.09 1.09 0.62 0.73 0.49 5.79 -8.33 -6.23 10.01 -14.65 -41.52 -3.52 -42.0,1.09 1.09 0.62 0.73 0.49 5.79 -8.33 -6.23 10.01 -14.65 -41.52 -3.52 -42.0,1.14 1.14 0.41 0.52 -1.71 4.21 -4.79 11.66 13.0 -9.4 -41.51 -3.11 -39.53,1.14 1.14 0.41 0.52 -1.71 4.21 -4.79 11.66 13.0 -9.4 -41.51 -3.11 -39.53,1.14 1.14 0.41 0.52 -1.71 4.21 -4.79 11.66 13.0 -9.4 -41.51 -3.11 -39.53,4
1.14 1.14 0.41 0.52 -1.71 4.21 -4.79 11.66 13.0 -9.4 -41.51 -3.11 -39.53,1.14 1.14 0.41 0.52 -1.71 4.21 -4.79 11.66 13.0 -9.4 -41.51 -3.11 -39.53,1.14 1.14 0.41 0.52 -1.71 4.21 -4.79 11.66 13.0 -9.4 -41.51 -3.11 -39.53,1.14 1.14 0.41 0.52 -1.71 4.21 -4.79 11.66 13.0 -9.4 -41.51 -3.11 -39.53,1.14 1.14 0.41 0.52 -1.71 4.21 -4.79 11.66 13.0 -9.4 -41.51 -3.11 -39.53,1.14 1.14 0.41 0.52 -1.71 4.21 -4.79 11.66 13.0 -9.4 -41.51 -3.11 -39.53,1.14 1.14 0.41 0.52 -1.71 4.21 -4.79 11.66 13.0 -9.4 -41.51 -3.11 -39.53,1.14 1.14 0.41 0.52 -1.71 4.21 -4.79 11.66 13.0 -9.4 -41.51 -3.11 -39.53,1.14 1.14 0.41 0.52 -1.71 4.21 -4.79 11.66 13.0 -9.4 -41.51 -3.11 -39.53,1.14 1.14 0.41 0.52 -1.71 4.21 -4.79 11.66 13.0 -9.4 -41.51 -3.11 -39.53,1.14 1.14 0.41 0.52 -1.71 4.21 -4.79 11.66 13.0 -9.4 -41.51 -3.11 -39.53,4
1.14 1.14 0.41 0.52 -1.71 4.21 -4.79 11.66 13.0 -9.4 -41.51 -3.11 -39.53,1.14 1.14 0.41 0.52 -1.71 4.21 -4.79 11.66 13.0 -9.4 -41.51 -3.11 -39.53,1.14 1.14 0.41 0.52 -1.71 4.21 -4.79 11.66 13.0 -9.4 -41.51 -3.11 -39.53,1.14 1.14 0.41 0.52 -1.71 4.21 -4.79 11.66 13.0 -9.4 -41.51 -3.11 -39.53,1.14 1.14 0.41 0.52 -1.71 4.21 -4.79 11.66 13.0 -9.4 -41.51 -3.11 -39.53,1.14 1.14 0.41 0.52 -1.71 4.21 -4.79 11.66 13.0 -9.4 -41.51 -3.11 -39.53,0.91 0.86 -1.16 -1.16 1.19 1.71 -4.83 6.53 -11.47 -3.66 -10.46 -7.61 -43.38,0.91 0.84 -1.05 -1.16 1.75 10.64 -12.75 -0.98 -19.23 -2.38 -10.45 -7.3 -43.35,0.94 0.84 0.0 0.0 3.61 24.82 -33.67 -39.98 -24.72 -7.57 -11.07 -6.84 -43.32,1.01 0.96 2.4 2.72 -5.86 10.17 -23.54 -37.78 -17.15 5.55 -12.77 -6.03 -43.36,1.11 1.01 3.45 3.87 -3.79 0.72 -16.14 -57.13 -12.76 45.29 -13.89 -5.82 -44.01,4
1.11 1.01 3.45 3.87 -3.79 0.72 -16.14 -57.13 -12.76 45.29 -13.89 -5.82 -44.01,1.16 1.06 2.3 1.78 -1.05 -4.53 -13.47 -45.72 -18.98 75.74 -15.31 -5.62 -46.13,1.14 1.04 0.1 0.0 1.02 -0.41 -12.54 -23.99 -19.53 76.11 -15.91 -5.4 -47.76,1.09 1.01 -0.74 -0.53 2.38 -1.86 -12.57 -41.56 -14.59 57.07 -16.46 -5.27 -49.11,1.09 1.04 -0.42 0.0 3.1 0.54 -7.26 -102.48 -12.08 25.63 -18.73 -5.08 -50.36,1.09 1.04 0.0 0.52 1.41 4.07 -5.26 -93.02 -1.95 9.28 -20.58 -5.04 -50.69,1.11 1.06 0.31 0.73 0.45 4.41 -5.59 -86.12 9.64 2.44 -22.26 -5.19 -50.75,1.14 1.06 0.52 0.62 1.01 3.6 -5.4 -76.72 12.39 -1.28 -24.62 -5.56 -50.61,1.14 1.09 0.52 0.62 0.76 2.14 -7.06 -75.81 6.96 0.92 -26.1 -5.76 -50.55,1.16 1.09 0.52 0.73 0.37 1.62 -8.57 -81.12 -0.37 2.56 -27.61 -5.83 -50.58,1.16 1.11 0.52 0.83 1.32 4.07 -9.17 -88.87 -8.79 0.98 -30.06 -5.72 -50.72,4
1.16 1.11 0.52 0.83 1.32 4.07 -9.17 -88.87 -8.79 0.98 -30.06 -5.72 -50.72,1.19 1.14 0.62 0.94 1.99 4.2 -9.54 -91.06 -11.11 -2.2 -31.75 -5.56 -50.81,1.21 1.16 0.52 0.83 1.26 3.59 -9.49 -95.46 -10.19 -4.46 -33.52 -5.37 -50.84,1.21 1.16 0.62 0.94 0.79 2.82 -9.13 -108.15 -4.27 -3.3 -36.39 -5.17 -50.83,1.24 1.19 0.83 0.94 0.07 2.66 -8.8 -116.94 2.44 -2.14 -38.51 -5.17 -50.8,1.26 1.21 0.94 0.94 1.18 2.97 -8.64 -125.31 2.14 -6.9 -41.9 -5.21 -50.65,1.28 1.24 0.94 0.94 2.37 3.54 -7.7 -125.0 -3.42 -9.52 -44.19 -5.12 -50.53,1.31 1.26 0.83 0.94 1.47 5.06 -6.68 -121.64 -5.31 -11.23 -46.41 -4.95 -50.43,1.33 1.28 0.73 0.83 -0.34 5.18 -6.48 -114.32 -3.3 -10.44 -49.57 -4.72 -50.26,1.36 1.31 0.83 0.94 0.59 3.22 -7.24 -123.35 -4.09 -10.62 -51.71 -4.55 -50.16,1.38 1.36 1.15 1.04 1.35 2.12 -7.77 -141.78 -2.26 -13.55 -54.13 -4.36 -50.05,4
1.38 1.36 1.15 1.04 1.35 2.12 -7.77 -141.78 -2.26 -13.55 -54.13 -4.36 -50.05,1.43 1.38 1.36 1.46 1.38 4.29 -6.66 -165.83 2.81 -17.33 -58.44 -4.08 -49.71,1.46 1.43 1.46 1.67 1.97 6.47 -4.14 -181.15 1.46 -20.39 -61.64 -3.86 -49.43,1.48 1.46 1.36 1.46 1.47 11.28 0.91 -169.13 -2.44 -22.09 -64.89 -3.55 -49.19,1.51 1.46 1.04 1.04 -1.53 11.57 4.04 -119.26 10.68 -17.09 -68.91 -3.22 -48.79,1.53 1.48 0.52 0.41 0.01 10.62 3.56 -98.88 13.67 -13.0 -71.1 -3.1 -48.39,1.53 1.48 0.2 0.1 -0.18 10.18 0.55 -78.25 2.62 -2.62 -73.91 -3.03 -48.13,0.27 0.27 0.1 0.2 0.24 2.38 -9.03 -9.22 -0.61 2.93 -17.73 -3.58 -45.47,0.27 0.27 0.31 0.2 0.32 2.32 -9.91 -12.88 -0.67 3.17 -18.01 -3.58 -45.57,0.27 0.29 0.31 0.31 0.34 2.51 -9.56 -13.85 0.0 2.38 -18.27 -3.59 -45.62,0.29 0.29 0.41 0.41 0.29 2.06 -9.48 -12.63 0.0 2.32 -18.51 -3.6 -45.67,4
0.29 0.29 0.41 0.41 0.29 2.06 -9.48 -12.63 0.0 2.32 -18.51 -3.6 -45.67,0.32 0.32 0.52 0.52 0.3 2.27 -9.28 -12.76 -0.37 2.93 -18.89 -3.63 -45.74,0.32 0.34 0.62 0.62 0.2 2.12 -9.41 -12.63 -1.4 2.38 -19.13 -3.63 -45.8,0.34 0.34 0.83 0.73 0.14 2.18 -9.51 -13.06 -1.65 2.99 -19.5 -3.6 -45.88,0.39 0.37 1.04 0.73 -0.04 1.91 -9.32 -13.06 -0.55 3.36 -19.74 -3.59 -45.96,0.42 0.39 1.25 0.73 -0.07 2.08 -8.98 -12.57 1.28 3.54 -19.98 -3.61 -46.02,0.44 0.39 1.46 0.73 0.05 1.85 -8.81 -11.35 3.3 5.49 -20.29 -3.7 -46.14,0.49 0.42 1.57 0.73 -0.11 2.13 -8.27 -9.09 5.43 7.57 -20.46 -3.81 -46.24,0.54 0.44 1.57 0.73 -0.47 2.06 -8.08 -5.19 7.87 10.31 -20.56 -3.98 -46.38,0.57 0.47 1.46 0.83 -0.92 2.03 -7.86 -0.49 10.56 17.46 -20.59 -4.32 -46.73,0.59 0.49 1.25 0.94 -0.59 2.39 -7.93 3.48 9.03 22.03 -20.52 -4.56 -47.07,4
0.59 0.49 1.25 0.94 -0.59 2.39 -7.93 3.48 9.03 22.03 -20.52 -4.56 -47.07,0.62 0.54 0.94 1.25 0.34 1.98 -8.61 7.39 3.3 26.55 -20.36 -4.75 -47.52,0.64 0.57 0.83 1.46 0.99 1.87 -8.59 3.97 -4.58 28.93 -20.12 -4.86 -48.36,0.66 0.62 0.73 1.57 0.87 1.55 -7.76 3.54 -6.84 27.04 -20.0 -4.87 -48.94,0.69 0.66 0.73 1.46 1.12 1.17 -7.38 9.03 -4.94 16.36 -19.73 -4.83 -49.6,0.69 0.69 0.62 1.25 1.15 1.27 -7.58 10.68 -1.46 9.34 -19.5 -4.84 -49.85,0.71 0.71 0.52 1.04 1.11 1.19 -8.03 11.84 1.59 3.72 -19.23 -4.89 -49.95,0.71 0.74 0.41 0.94 0.76 1.48 -9.14 9.52 6.16 -0.06 -18.84 -5.07 -49.95,0.74 0.76 0.41 0.83 0.55 1.42 -9.25 5.07 6.16 -0.73 -18.66 -5.22 -49.92,0.74 0.76 0.41 0.83 0.7 1.66 -9.32 3.48 3.72 -1.04 -18.54 -5.32 -49.88,0.76 0.79 0.52 0.83 1.52 2.26 -9.34 4.58 2.69 -4.27 -18.39 -5.42 -49.78,4
0.76 0.79 0.52 0.83 1.52 2.26 -9.34 4.58 2.69 -4.27 -18.39 -5.42 -49.78,0.76 0.81 0.73 0.73 1.76 1.96 -9.38 4.7 3.85 -10.44 -18.28 -5.47 -49.63,0.79 0.84 0.94 0.52 1.56 1.48 -9.7 3.72 6.29 -17.21 -18.18 -5.54 -49.32,0.81 0.84 0.94 0.52 0.71 1.35 -9.26 4.21 7.51 -21.48 -18.07 -5.67 -48.67,0.84 0.86 0.83 0.52 -0.01 1.22 -8.83 6.65 7.51 -18.62 -17.95 -5.77 -48.25,0.86 0.89 0.73 0.52 -1.05 0.54 -8.26 10.62 8.06 -10.68 -17.63 -5.91 -47.79,0.86 0.89 0.52 0.52 -0.86 0.36 -7.44 14.28 8.48 -5.37 -17.33 -6.02 -47.6,0.89 0.91 0.41 0.41 0.17 -0.22 -7.07 19.17 6.1 -0.24 -16.93 -6.11 -47.54,0.89 0.91 0.1 0.2 0.33 -0.89 -6.59 28.99 3.05 2.44 -16.08 -6.19 -47.57,0.89 0.91 0.0 0.1 0.09 -1.47 -7.28 35.64 2.26 3.66 -15.31 -6.22 -47.63,0.89 0.91 0.0 0.0 -0.14 -2.03 -7.98 40.34 0.18 5.43 -14.41 -6.21 -47.72,4
0.89 0.91 0.0 0.0 -0.14 -2.03 -7.98 40.34 0.18 5.43 -14.41 -6.21 -47.72,0.86 0.89 0.0 -0.11 0.04 -2.89 -8.06 34.91 -2.62 10.25 -13.01 -6.16 -47.97,0.86 0.89 0.0 -0.32 -0.29 -1.13 -6.62 40.22 -4.21 13.37 -12.07 -6.07 -48.23,0.86 0.86 -0.42 -0.53 -0.4 -0.57 -7.01 41.08 -2.62 13.67 -11.07 -5.97 -48.52,0.84 0.84 -0.84 -0.63 1.22 -0.4 -9.54 50.17 1.28 10.44 -9.41 -5.92 -48.89,0.79 0.84 -1.05 -0.74 2.3 -0.72 -10.8 43.95 2.99 3.36 -8.35 -5.96 -49.02,0.76 0.81 -0.95 -0.63 1.62 -0.08 -9.9 20.02 1.22 -14.34 -7.3 -6.04 -48.82,0.76 0.79 -0.74 -0.63 1.33 1.79 -7.69 4.82 0.67 -28.32 -7.08 -6.06 -48.35,0.74 0.79 -0.42 -0.53 1.5 2.86 -6.0 -5.49 0.31 -33.33 -7.13 -6.09 -47.7,0.74 0.76 -0.11 -0.32 -0.82 -0.43 -5.67 -21.73 1.4 -31.92 -7.65 -6.14 -46.71,0.76 0.76 0.0 -0.21 -1.03 4.74 -11.0 -36.56 -4.21 -26.49 -8.32 -6.1 -46.14,4
0.76 0.76 0.0 -0.21 -1.03 4.74 -11.0 -36.56 -4.21 -26.49 -8.32 -6.1 -46.14,0.79 0.79 0.73 0.31 2.12 16.34 -27.68 -58.9 -17.7 -22.83 -9.46 -5.79 -45.65,0.89 0.89 2.82 2.93 -4.04 14.78 -31.5 -52.12 -33.81 18.68 -11.61 -4.77 -45.75,0.96 1.01 3.45 4.29 -3.34 3.64 -22.05 -88.44 -31.01 59.81 -13.22 -4.25 -46.69,0.99 1.04 1.57 2.19 -1.27 0.32 -20.11 -65.49 -21.85 80.75 -14.74 -3.87 -48.27,0.96 1.01 0.1 0.41 1.4 2.23 -14.03 -61.46 7.69 66.16 -17.01 -4.09 -50.65,0.96 1.01 0.0 -0.11 2.64 -4.01 -12.63 -68.79 21.24 29.24 -18.18 -4.55 -51.44,0.99 1.01 0.0 0.0 3.7 -0.51 -4.03 -118.1 28.14 -9.77 -21.18 -5.3 -51.4,0.99 1.01 0.31 0.0 1.73 3.22 -0.68 -103.39 30.03 -24.6 -23.34 -5.77 -50.84,1.01 1.01 0.52 0.0 -0.39 2.14 -0.68 -84.66 27.71 -27.22 -25.12 -6.16 -50.14,1.01 1.01 0.52 0.0 -1.67 -1.02 -1.36 -83.62 14.77 -11.9 -27.51 -6.53 -49.38,4
1.01 1.01 0.52 0.0 -1.67 -1.02 -1.36 -83.62 14.77 -11.9 -27.51 -6.53 -49.38,1.04 1.01 0.62 0.1 -0.83 -1.19 -2.66 -89.54 2.93 -0.24 -29.12 -6.6 -49.26,1.06 1.04 0.94 0.94 0.89 0.56 -5.27 -88.32 -10.74 6.16 -30.71 -6.48 -49.41,1.11 1.09 1.36 1.88 3.06 -1.58 -13.46 -120.79 -24.23 7.14 -33.43 -6.07 -49.85,1.16 1.14 1.88 2.51 1.97 0.76 -15.46 -142.46 -30.94 2.5 -35.78 -5.65 -50.23,1.21 1.19 2.19 2.82 0.34 3.61 -14.01 -160.28 -22.09 -5.49 -38.51 -5.2 -50.45,1.26 1.26 2.3 2.82 0.85 4.8 -10.08 -175.84 8.97 -1.28 -43.13 -5.09 -50.45,1.33 1.33 2.3 2.61 3.07 6.22 -8.65 -180.36 19.04 -9.64 -46.4 -5.31 -50.14,1.36 1.38 1.98 2.19 4.92 6.48 -5.33 -167.48 10.5 -44.62 -51.16 -5.12 -49.13,1.41 1.41 1.46 1.57 0.49 9.15 -2.66 -157.65 6.35 -52.31 -54.17 -4.58 -48.29,1.43 1.43 1.04 0.94 -3.67 9.32 -0.78 -136.05 17.03 -33.57 -56.89 -4.19 -47.55,4
1.43 1.43 1.04 0.94 -3.67 9.32 -0.78 -136.05 17.03 -33.57 -56.89 -4.19 -47.55,1.43 1.43 0.83 0.41 -2.43 8.25 0.19 -116.64 18.86 2.2 -60.5 -4.31 -46.81,1.46 1.43 0.73 0.1 0.85 7.91 -0.63 -104.31 5.62 17.33 -62.67 -4.6 -46.77,1.48 1.43 0.62 0.0 1.66 7.51 -1.58 -97.11 -0.85 20.51 -64.68 -4.93 -46.97,1.48 1.43 0.52 0.1 0.64 7.3 -1.6 -82.58 -5.25 13.06 -67.39 -5.33 -47.3,1.48 1.43 0.41 0.2 1.43 8.8 -1.04 -80.02 -11.54 9.34 -69.07 -5.44 -47.55,1.51 1.46 0.41 0.41 0.61 10.18 -0.15 -75.01 -13.18 5.86 -70.69 -5.48 -47.86,1.51 1.46 0.31 0.52 1.69 10.59 0.93 -61.1 -1.95 -5.68 -72.86 -5.39 -48.05,1.51 1.48 0.1 0.31 1.96 10.43 0.0 -49.62 1.28 -10.93 -74.09 -5.26 -47.97,0.17 0.19 0.1 0.0 0.41 0.83 -9.43 2.93 -0.12 5.37 -12.04 -3.74 -57.24,0.17 0.19 0.0 0.0 0.3 1.3 -9.06 6.59 0.0 5.19 -11.93 -3.75 -57.35,4
0.17 0.19 0.0 0.0 0.3 1.3 -9.06 6.59 0.0 5.19 -11.93 -3.75 -57.35,0.17 0.19 0.0 0.0 0.18 1.23 -9.28 10.74 -0.24 5.25 -11.72 -3.75 -57.45,0.17 0.19 0.2 0.0 0.05 0.93 -9.58 12.08 0.55 6.53 -11.35 -3.77 -57.63,0.19 0.19 0.41 0.0 0.21 0.92 -9.75 9.22 1.53 6.47 -11.13 -3.8 -57.76,0.19 0.19 0.52 0.0 0.36 0.91 -9.28 7.93 3.05 6.41 -10.88 -3.89 -57.95,0.22 0.19 0.73 0.0 0.48 0.8 -8.99 10.25 4.76 7.02 -10.7 -3.98 -58.07,0.24 0.22 0.73 0.1 0.2 0.71 -8.93 12.21 6.35 7.14 -10.47 -4.1 -58.21,0.27 0.22 0.62 0.2 0.26 0.2 -9.49 11.66 8.24 8.24 -10.1 -4.35 -58.41,0.27 0.22 0.52 0.31 0.44 0.36 -9.63 10.5 7.57 8.3 -9.87 -4.51 -58.57,0.27 0.24 0.2 0.31 0.81 0.57 -9.62 9.89 4.58 8.48 -9.65 -4.64 -58.73,0.27 0.24 0.0 0.52 1.3 0.67 -10.01 8.67 -3.05 6.84 -9.33 -4.67 -58.97,4
0.27 0.24 0.0 0.52 1.3 0.67 -10.01 8.67 -3.05 6.84 -9.33 -4.67 -58.97,0.27 0.27 0.0 0.62 1.32 0.53 -10.28 4.94 -7.14 4.15 -9.2 -4.58 -59.08,0.27 0.29 0.0 0.73 1.06 0.57 -10.07 0.67 -8.3 1.28 -9.15 -4.44 -59.14,0.27 0.29 0.0 0.62 0.82 0.95 -9.01 -1.89 -4.27 -5.49 -9.21 -4.29 -59.08,0.29 0.32 0.31 0.52 0.75 0.99 -8.92 0.12 -1.1 -9.58 -9.23 -4.26 -58.93,0.29 0.32 0.62 0.52 0.73 0.41 -9.68 -7.08 2.62 -15.69 -9.34 -4.32 -58.52,0.34 0.34 0.83 0.52 0.67 0.67 -9.67 -10.68 4.94 -19.53 -9.55 -4.4 -58.15,0.34 0.37 0.94 0.73 0.24 0.9 -9.36 -12.45 7.14 -21.12 -9.81 -4.52 -57.72,0.39 0.39 1.15 0.94 0.12 1.04 -8.83 -12.39 9.22 -19.41 -10.21 -4.75 -57.08,0.42 0.42 1.15 0.94 0.3 0.91 -8.85 -10.38 8.73 -16.97 -10.46 -4.91 -56.71,0.44 0.44 1.25 1.04 0.48 1.29 -8.46 -7.69 8.3 -15.93 -10.66 -5.04 -56.38,4
0.44 0.44 1.25 1.04 0.48 1.29 -8.46 -7.69 8.3 -15.93 -10.66 -5.04 -56.38,0.47 0.47 1.25 1.15 0.43 0.73 -8.24 -2.75 7.08 -15.01 -10.84 -5.22 -55.9,0.52 0.52 1.25 1.36 0.38 0.57 -8.3 -1.22 5.8 -15.26 -10.89 -5.31 -55.59,0.54 0.57 1.36 1.46 0.65 0.58 -8.09 -0.92 4.52 -15.2 -10.93 -5.37 -55.27,0.59 0.59 1.57 1.57 0.32 0.3 -7.14 1.1 2.87 -12.02 -10.94 -5.44 -54.86,0.64 0.64 1.67 1.46 -0.13 -0.08 -6.43 4.76 2.14 -12.57 -10.87 -5.46 -54.61,0.66 0.66 1.57 1.36 -0.23 -0.98 -7.14 8.48 0.73 -9.52 -10.62 -5.44 -54.26,0.69 0.69 1.25 1.25 -0.1 -1.2 -8.14 10.01 0.0 -4.46 -10.38 -5.41 -54.14,0.71 0.71 0.94 1.04 0.04 -0.73 -8.71 12.82 -2.01 1.22 -10.07 -5.36 -54.12,0.74 0.74 0.83 0.94 0.32 -0.01 -8.87 16.48 -5.74 5.55 -9.5 -5.21 -54.26,0.76 0.76 0.83 0.94 0.59 -0.7 -8.8 15.38 -8.67 5.8 -9.1 -5.04 -54.38,4
0.76 0.76 0.83 0.94 0.59 -0.7 -8.8 15.38 -8.67 5.8 -9.1 -5.04 -54.38,0.79 0.79 0.83 0.83 0.43 -1.03 -8.42 14.16 -10.01 3.42 -8.74 -4.84 -54.49,0.79 0.81 0.83 0.62 0.09 -1.32 -8.61 18.01 -8.36 -1.16 -8.14 -4.54 -54.51,0.81 0.81 0.62 0.31 0.0 -1.22 -9.8 21.67 -5.74 0.06 -7.65 -4.4 -54.51,0.81 0.81 0.41 0.1 -0.3 -1.09 -9.75 24.41 -4.15 1.65 -7.1 -4.29 -54.54,0.81 0.81 0.1 0.0 0.26 -1.73 -8.8 28.5 -2.62 4.03 -6.16 -4.18 -54.61,0.81 0.81 0.0 0.0 0.06 -2.49 -9.67 25.88 -2.99 5.37 -5.53 -4.11 -54.71,0.81 0.81 0.0 0.0 -0.19 -2.52 -10.43 16.17 -2.56 3.72 -4.76 -4.0 -54.84,0.81 0.81 0.0 0.0 -0.09 -2.59 -10.14 8.73 -3.3 3.97 -4.41 -3.92 -54.92,0.81 0.81 0.0 0.0 -0.51 -2.71 -10.14 -1.16 -2.44 3.3 -4.24 -3.83 -54.99,0.81 0.81 0.0 0.0 -0.27 -1.58 -9.74 -13.06 -0.67 2.44 -4.31 -3.75 -55.08,4
0.81 0.81 0.0 0.0 -0.27 -1.58 -9.74 -13.06 -0.67 2.44 -4.31 -3.75 -55.08,0.81 0.81 0.0 0.0 0.08 -0.49 -8.65 -15.2 0.0 2.69 -4.48 -3.71 -55.13,0.81 0.81 0.0 0.0 0.27 0.45 -7.86 -12.45 -2.14 3.23 -4.65 -3.66 -55.2,0.81 0.79 -0.11 -0.32 0.12 -0.02 -7.58 -11.35 -8.18 6.29 -4.87 -3.46 -55.33,0.79 0.76 -0.53 -0.63 -0.33 -0.26 -6.01 -6.71 -8.06 8.61 -4.98 -3.27 -55.48,0.76 0.74 -0.95 -0.95 -0.57 -1.8 -5.45 -0.24 -8.18 12.15 -4.94 -3.09 -55.68,0.74 0.74 -0.84 -0.74 -3.63 7.75 -21.53 -3.11 -0.12 23.86 -4.88 -2.91 -56.26,0.76 0.76 0.1 0.41 -1.89 12.63 -32.47 -42.11 3.66 35.46 -5.58 -2.89 -56.81,0.81 0.84 1.46 2.51 2.0 4.0 -21.68 -7.39 -3.91 59.57 -6.54 -2.86 -58.35,0.84 0.91 1.46 2.51 0.62 1.88 -20.12 11.29 -7.26 56.64 -6.66 -2.72 -59.52,0.81 0.91 0.0 0.31 2.18 -6.35 -23.26 -27.4 -12.94 52.67 -6.94 -2.52 -60.62,4
0.81 0.91 0.0 0.31 2.18 -6.35 -23.26 -27.4 -12.94 52.67 -6.94 -2.52 -60.62,0.76 0.86 -1.16 -0.63 0.71 -2.25 -15.59 -31.07 -5.49 37.72 -7.95 -2.25 -62.07,0.74 0.84 -1.26 -0.74 1.02 -1.58 -9.92 -54.93 7.2 19.17 -8.87 -2.35 -62.57,0.74 0.84 -0.74 -0.74 1.35 -0.19 -5.76 -69.89 14.65 9.16 -10.15 -2.63 -62.8,0.74 0.81 -0.32 -0.53 1.0 1.61 -2.36 -62.99 25.27 -7.08 -12.15 -3.3 -62.74,0.74 0.81 -0.11 -0.42 0.98 2.0 -1.39 -52.43 28.26 -15.87 -13.23 -3.85 -62.41,0.74 0.79 0.0 -0.21 0.95 1.54 -0.77 -44.31 25.45 -20.57 -14.16 -4.36 -61.95,0.74 0.79 0.0 0.0 0.47 1.31 -1.95 -37.6 15.32 -22.95 -15.36 -4.9 -61.19,0.74 0.81 0.1 0.0 0.52 2.45 -4.41 -32.53 8.67 -21.85 -16.08 -5.09 -60.71,0.76 0.81 0.52 0.0 1.05 2.58 -10.4 -37.6 -2.26 -24.41 -17.14 -5.09 -60.01,0.79 0.81 0.94 0.1 1.67 3.29 -12.65 -48.28 -7.14 -16.54 -18.05 -4.94 -59.64,4
0.79 0.81 0.94 0.1 1.67 3.29 -12.65 -48.28 -7.14 -16.54 -18.05 -4.94 -59.64,0.84 0.84 1.36 1.04 0.34 5.19 -12.88 -48.34 -6.71 -9.83 -19.06 -4.77 -59.45,0.86 0.89 1.57 1.88 -0.71 4.44 -11.81 -72.27 5.49 -7.14 -20.92 -4.77 -59.17,0.91 0.96 1.88 2.19 0.81 3.9 -9.32 -80.02 -2.87 5.13 -22.48 -4.78 -59.17,0.96 1.01 1.78 2.09 1.03 2.92 -9.33 -87.46 -6.96 6.1 -24.17 -4.71 -59.33,1.01 1.04 1.46 1.88 2.35 2.9 -11.65 -100.4 -7.14 -6.84 -26.98 -4.52 -59.36,1.04 1.06 1.36 1.67 2.43 3.57 -11.01 -105.1 -8.42 -13.67 -28.99 -4.32 -59.21,1.06 1.09 1.36 1.67 0.77 3.59 -9.62 -111.15 -4.15 -15.2 -31.09 -4.13 -58.98,1.09 1.11 1.25 1.36 -1.27 2.63 -8.93 -109.86 5.98 -11.66 -34.26 -4.05 -58.58,1.14 1.14 1.15 1.15 -0.28 1.59 -8.62 -108.7 8.61 -8.73 -36.29 -4.1 -58.33,1.14 1.16 1.15 0.94 0.62 2.45 -6.9 -104.31 9.83 -1.89 -39.2 -4.26 -58.05,4
